{
  "faithfulness": 0.6288818379145458,
  "answer_relevancy": NaN,
  "context_precision": 0.06547619047172618,
  "context_recall": 0.13333333333333333,
  "num_questions": 15
}